run,time_total
1,0.150996
2,0.028307
3,0.014744
4,0.017293
5,0.011094
6,0.014056
7,0.010339
8,0.021253
9,0.015456
10,0.027731
11,0.016349
12,0.009426
13,0.013657
14,0.009131
15,0.009662
