run,time_total
1,0.009050
2,0.008926
3,0.007293
4,0.008190
5,0.005827
6,0.003625
7,0.004354
8,0.003362
9,0.004044
10,0.003710
11,0.003732
12,0.004095
13,0.003994
14,0.003599
15,0.003381
