run,time_total
1,0.017789
2,0.010448
3,0.014138
4,0.010859
5,0.013186
6,0.009352
7,0.011726
8,0.014756
9,0.024381
10,0.017771
11,0.013022
12,0.007525
13,0.016177
14,0.020670
15,0.008550
