run,time_total
1,2.318021
2,0.038422
3,0.037143
4,0.028671
5,0.107842
6,0.112118
7,0.083270
8,0.048177
9,0.042778
10,0.038798
11,0.048491
12,0.050302
13,0.042758
14,0.042178
15,0.132681
